2017-12-29,
2017-12-28,
2017-12-27,
2017-12-26,
2017-12-22,
2017-12-21,
2017-12-20,
2017-12-19,
2017-12-18,
2017-12-15,
2017-12-14,
2017-12-13,
2017-12-12,
2017-12-11,
2017-12-08,
2017-12-07,
2017-12-06,
2017-12-05,
2017-12-04,
2017-12-01,
2017-11-30,
2017-11-29,
2017-11-28,
2017-11-27,
2017-11-24,
2017-11-22,
2017-11-21,
2017-11-20,
2017-11-17,
2017-11-16,
2017-11-15,
2017-11-14,
2017-11-13,
2017-11-10,
2017-11-09,
2017-11-07,
2017-11-06,
2017-11-03,
2017-11-02,
2017-11-01,172.05380000000005
2017-10-31,172.04905000000005
2017-10-30,171.94005000000007
2017-10-27,171.75130000000007
2017-10-26,171.42230000000006
2017-10-25,170.95717500000006
2017-10-24,170.50942500000005
2017-10-23,170.05492500000005
2017-10-20,169.59542500000003
2017-10-19,169.08442500000004
2017-10-18,168.73167500000005
2017-10-17,168.43792500000004
2017-10-16,168.12817500000003
2017-10-13,167.76042500000003
2017-10-12,167.34367500000002
2017-10-11,167.02317500000004
2017-10-10,166.68437500000002
2017-10-09,166.35512500000002
2017-10-06,165.99662500000002
2017-10-05,165.63637500000002
2017-10-04,165.196395
2017-10-03,164.76214499999998
2017-10-02,164.370395
2017-09-29,163.896645
2017-09-28,163.376395
2017-09-27,162.85789499999998
2017-09-26,162.31239499999998
2017-09-25,161.74764499999998
2017-09-22,161.295395
2017-09-21,160.87639500000003
2017-09-20,160.50064500000002
2017-09-19,160.241895
2017-09-18,159.925145
2017-09-15,159.572895
2017-09-14,159.163145
2017-09-13,158.75739499999997
2017-09-12,158.40764499999995
2017-09-11,158.08889499999995
2017-09-08,157.74214499999997
2017-09-07,157.57089499999998
2017-09-06,157.44639499999997
2017-09-05,157.27239499999996
2017-09-01,157.20564499999995
2017-08-31,157.22939499999995
2017-08-30,157.37789499999997
2017-08-29,157.54051999999996
2017-08-28,157.64976999999996
2017-08-25,157.74201999999997
2017-08-24,157.81976999999998
2017-08-23,157.91976999999997
2017-08-22,157.92026999999996
2017-08-21,157.83876999999995
2017-08-18,157.77926999999994
2017-08-17,157.80126999999996
2017-08-16,157.92501999999996
2017-08-15,158.05126999999996
2017-08-14,158.15001999999998
2017-08-11,158.19101999999995
2017-08-10,158.19026999999997
2017-08-09,158.3157487042977
2017-08-08,158.4653064143682
2017-08-04,158.4972569114817
2017-08-03,158.52554025016045
2017-08-02,158.5851649775497
2017-08-01,158.4892559813982
2017-07-31,158.33971821680547
2017-07-28,158.23361478511845
2017-07-27,158.21865426555468
2017-07-26,158.24240076972393
2017-07-25,158.21072001282843
2017-07-24,158.0958549230272
2017-07-21,157.86917370108995
2017-07-20,157.64573540731195
2017-07-19,157.40897841565067
2017-07-18,157.18881638871045
2017-07-17,156.92145689544546
2017-07-14,156.61189993585597
2017-07-13,156.25372127966622
2017-07-12,155.91674770686322
2017-07-11,155.50879534958295
2017-07-10,155.0728904746632
2017-07-07,154.6108245028865
2017-07-06,154.06340501924322
2017-07-05,153.55109813983321
2017-07-03,153.04035086593973
2017-06-30,152.55355105837072
2017-06-29,152.09428559974347
2017-06-28,151.72880293457348
2017-06-27,151.3260314143682
2017-06-26,150.95729975946122
2017-06-23,150.60676456061572
2017-06-22,150.30255210070547
2017-06-21,149.99706539448349
2017-06-20,149.66091557087847
2017-06-19,149.28088138229597
2017-06-16,148.78325837075022
2017-06-15,148.37968128608046
2017-06-14,148.0570163085307
2017-06-13,147.82520686337347
2017-06-12,147.4332970173182
2017-06-09,147.1569184092362
2017-06-08,147.1220598460547
2017-06-07,147.11708005131445
2017-06-06,147.0501018120587
2017-06-05,147.14670983001898
2017-06-02,147.3110430564462
2017-06-01,147.4026712796662
2017-05-31,147.4574490218085
2017-05-30,147.46267780628574
2017-05-26,147.48433991340573
2017-05-25,147.52866008659373
2017-05-24,147.60509993585623
2017-05-23,147.691250384862
2017-05-22,147.76520033675428
2017-05-19,147.83690938101327
2017-05-18,147.91110832264252
2017-05-17,147.94123608082074
2017-05-16,148.132958178319
2017-05-15,148.38095195638175
2017-05-12,148.64413410840226
2017-05-11,148.86548598460473
2017-05-10,149.07601626234998
2017-05-09,149.340008299477
2017-05-08,149.5463321357785
2017-05-05,149.66716448090423
2017-05-04,149.71479144333148
2017-05-03,149.78402672993548
2017-05-02,149.81088809648497
2017-05-01,149.86722259629997
2017-04-28,149.79861461628846
2017-04-27,149.72028182971846
2017-04-26,149.6564244927072
2017-04-25,149.60864133585144
2017-04-24,149.55995354957344
2017-04-21,149.44417755813595
2017-04-20,149.43395596405819
2017-04-19,149.32979484935194
2017-04-18,149.21686632567997
2017-04-17,149.08395469237922
2017-04-13,148.96332270844746
2017-04-12,148.77015860310746
2017-04-11,148.4231360914272
2017-04-10,148.10484011427394
2017-04-07,147.81366676732222
2017-04-06,147.54337608555946
2017-04-05,147.24416606249298
2017-04-04,147.02007483206572
2017-04-03,146.7799078493912
2017-03-31,146.51609090079072
2017-03-30,146.2604632146537
2017-03-29,146.00307331967994
2017-03-28,145.7509446819037
2017-03-27,145.4149538265902
2017-03-24,145.06828076712517
2017-03-23,144.75419694957867
2017-03-22,144.4629694492117
2017-03-21,144.18958055422894
2017-03-20,143.82639096077565
2017-03-17,143.4210222835894
2017-03-16,143.02305226443767
2017-03-15,142.67291161455992
2017-03-14,142.31905134021468
2017-03-13,141.95304029260868
2017-03-10,141.6093469918079
2017-03-09,141.35442872829915
2017-03-08,141.16770358002867
2017-03-07,140.98073045679365
2017-03-06,140.7781349107949
2017-03-03,140.60901598500394
2017-03-02,140.4927157266522
2017-03-01,140.39352574085092
2017-02-28,140.22835457649492
2017-02-27,140.03964562850817
2017-02-24,139.86655910328517
2017-02-23,139.7242214736607
2017-02-22,139.59205081758097
2017-02-21,139.49335678170897
2017-02-17,139.35746650116147
2017-02-16,139.19665473668144
2017-02-15,139.05927660634694
2017-02-14,138.89114958041392
2017-02-13,138.68433846001867
2017-02-10,138.4103261242432
2017-02-09,138.1395374630062
2017-02-08,137.83735695010444
2017-02-07,137.5136568196089
2017-02-06,137.1407414620674
2017-02-03,136.76448305742392
2017-02-02,136.37563638522744
2017-02-01,135.98552645595393
2017-01-31,135.40799002264518
2017-01-30,134.8453023279732
2017-01-27,134.3629245112477
2017-01-26,133.8862511815357
2017-01-25,133.40115308000895
2017-01-24,132.85649601252143
2017-01-23,132.35373502290744
2017-01-20,131.8088267919662
2017-01-19,131.29493881384218
2017-01-18,130.76887774303293
2017-01-17,130.24876700854193
2017-01-13,129.74140502889742
2017-01-12,129.23402072982793
2017-01-11,128.74046988728242
2017-01-10,128.24252351648067
2017-01-09,127.73367900119793
2017-01-06,127.18527327720892
2017-01-05,126.60923252506419
2017-01-04,126.00771305853168
2017-01-03,125.42973739683994
2016-12-30,124.8230317126482
2016-12-29,124.3082280227787
2016-12-28,123.79565291910046
2016-12-27,123.30211874620095
2016-12-23,122.79353674986893
2016-12-22,122.26489322649643
2016-12-21,121.76542891104393
2016-12-20,121.28755010863043
2016-12-19,120.81131609120867
2016-12-16,120.31444737384493
2016-12-15,119.82602574772093
2016-12-14,119.36494832596718
2016-12-13,118.93288397506016
2016-12-12,118.44671398175167
2016-12-09,118.00004993000194
2016-12-08,117.52079347646595
2016-12-07,117.0452407049512
2016-12-06,116.57289779118821
2016-12-05,116.0933944255177
2016-12-02,115.62796505152747
2016-12-01,115.33512725972246
2016-11-30,115.06080787802321
2016-11-29,114.80179704867794
2016-11-28,114.54574916494968
2016-11-25,114.29661482099418
2016-11-23,114.08081361522895
2016-11-22,113.8763703676617
2016-11-21,113.67217403222921
2016-11-18,113.4321754372592
2016-11-17,113.18427565397747
2016-11-16,112.93711660709971
2016-11-15,112.64255043035146
2016-11-14,112.30823139990972
2016-11-11,112.02872686338097
2016-11-10,111.74922232685222
2016-11-09,111.5489765855757
2016-11-08,111.37984177327671
2016-11-07,111.22675624973621
2016-11-04,111.04947333699097
2016-11-03,110.89342486783346
2016-11-02,110.77475533980446
2016-11-01,110.63116043434748
2016-10-31,110.53718044240073
2016-10-28,110.43527631541647
2016-10-27,110.37031212246897
2016-10-26,110.33829265076947
2016-10-25,110.35260047092522
2016-10-24,110.35488608556398
2016-10-21,110.33903405813074
2016-10-20,110.35102446029148
2016-10-19,110.3681923683732
2016-10-18,110.4095130470267
2016-10-17,110.45279882421346
2016-10-14,110.54471609339996
2016-10-13,110.60461764824545
2016-10-12,110.71854706714869
2016-10-11,110.83384362780669
2016-10-10,110.96966576610018
2016-10-07,111.07734669769768
2016-10-06,111.16134573626718
2016-10-05,111.23483463776219
2016-10-04,111.28166340279544
2016-10-03,111.29349183596347
2016-09-30,111.31562301343197
2016-09-29,111.31095167738722
2016-09-28,111.36358522593596
2016-09-27,111.38101997357221
2016-09-26,111.39502472250197
2016-09-23,111.44608796355048
2016-09-22,111.54678396556224
2016-09-21,111.62020912615299
2016-09-20,111.76523625618299
2016-09-19,111.9450767223935
2016-09-16,112.090672488386
2016-09-15,112.26803705658452
2016-09-14,112.27576359481827
2016-09-13,112.18521225966427
2016-09-12,112.049055246788
2016-09-09,111.89492121891874
2016-09-08,111.77505020839075
2016-09-07,111.69570935511099
2016-09-06,111.60261281209849
2016-09-02,111.45989753112124
2016-09-01,111.28819704677873
2016-08-31,111.08235297542123
2016-08-30,110.8467867887485
2016-08-29,110.566023335811
2016-08-26,110.30294576967249
2016-08-25,110.0811352727325
2016-08-24,109.85932477579225
2016-08-23,109.65618271491776
2016-08-22,109.436091679194
2016-08-19,109.23491471685277
2016-08-18,109.02489481111202
2016-08-17,108.83428025338704
2016-08-16,108.63875294932878
2016-08-15,108.47122829936953
2016-08-12,108.27791173116152
2016-08-11,108.12733605605153
2016-08-10,107.9826556765413
2016-08-09,107.87850545427929
2016-08-08,107.76477537666756
2016-08-05,107.64097416907305
2016-08-04,107.46460657571428
2016-08-03,107.29372850560078
2016-08-02,107.04736646193528
2016-08-01,106.86048776532752
2016-07-29,106.6338122233255
2016-07-28,106.4144887003675
2016-07-27,106.11428770624825
2016-07-26,105.68693575370901
2016-07-25,105.27546209363379
2016-07-22,104.89599328664319
2016-07-21,104.50242186528787
2016-07-20,104.10583307888992
2016-07-19,103.80038757574842
2016-07-18,103.5877982399815
2016-07-15,103.41121007151237
2016-07-14,103.29160844508772
2016-07-13,103.06638969576252
2016-07-12,102.78484765284088
2016-07-11,102.50876750935143
2016-07-08,102.2246207970029
2016-07-07,101.94695799594348
2016-07-06,101.6747531480572
2016-07-05,101.39181129090062
2016-07-01,101.11071614450631
2016-06-30,100.8195880152999
2016-06-29,100.4836661075066
2016-06-28,100.11665480949206
2016-06-27,99.69163135748015
2016-06-24,99.30818735222354
2016-06-23,98.96983108723525
2016-06-22,98.62491496277943
2016-06-21,98.28535550418184
2016-06-20,97.92207577486252
2016-06-17,97.56195907600694
2016-06-16,97.28801468944576
2016-06-15,97.01019403802496
2016-06-14,96.73847222609098
2016-06-13,96.443921928744
2016-06-10,96.19658363597978
2016-06-09,95.99114145995
2016-06-08,95.80790003721627
2016-06-07,95.64273843485908
2016-06-06,95.49981012512679
2016-06-03,95.30117642288353
2016-06-02,95.14261151174473
2016-06-01,94.99895023632156
2016-05-31,94.92345477015533
2016-05-27,95.01336522824327
2016-05-26,95.08837205061558
2016-05-25,95.11182695272548
2016-05-24,95.07444570248784
2016-05-23,94.98820007285454
2016-05-20,94.87459039075968
2016-05-19,94.73703716276097
2016-05-18,94.6339333222362
2016-05-17,94.50444271683779
2016-05-16,94.43139046964131
2016-05-13,94.26280836072638
2016-05-12,94.10057862113293
2016-05-11,93.99869639009303
2016-05-10,93.93712727205455
2016-05-09,93.87018307228256
2016-05-06,93.81472200166853
2016-05-05,93.7499766989693
2016-05-04,93.70154455134026
2016-05-03,93.70647193097282
2016-05-02,93.69379242928957
2016-04-29,93.72141119533737
2016-04-28,93.74227145671979
2016-04-27,93.76977317953072
2016-04-26,93.96928540924753
2016-04-25,94.17772917867889
2016-04-22,94.42053326396196
2016-04-21,94.66476022934278
2016-04-20,94.88291686850769
2016-04-19,95.10574828331
2016-04-18,95.33460312749574
2016-04-15,95.62394229112147
2016-04-14,95.93151590033419
2016-04-13,96.21759808977522
2016-04-12,96.48217315471095
2016-04-11,96.71006641604212
2016-04-08,96.93899040793443
2016-04-07,97.18234720607293
2016-04-06,97.48935708567697
2016-04-05,97.7503608473614
2016-04-04,98.00897123893114
2016-04-01,98.22816923474544
2016-03-31,98.42161756218385
2016-03-30,98.64820904957006
2016-03-29,98.87117047768751
2016-03-28,99.06958071954526
2016-03-24,99.30921010469461
2016-03-23,99.58493084235299
2016-03-22,99.86618339654689
2016-03-21,100.15390856675195
2016-03-18,100.43234802034488
2016-03-17,100.78996558288318
2016-03-16,101.15610917485613
2016-03-15,101.4354805207628
2016-03-14,101.6425940758365
2016-03-11,101.85878613880135
2016-03-10,102.0502191817214
2016-03-09,102.22773329914887
2016-03-08,102.39383406018905
2016-03-07,102.55629226068012
2016-03-04,102.78383087631565
2016-03-03,102.97227267539049
2016-03-02,103.11603239839606
2016-03-01,103.1818413256503
2016-02-29,102.99582790027475
2016-02-26,102.79742976903222
2016-02-25,102.58081883504403
2016-02-24,102.34113835091142
2016-02-23,102.0390486627038
2016-02-22,101.79548278065218
2016-02-19,101.51767682943867
2016-02-18,101.18766084368765
2016-02-17,100.84817420050905
2016-02-16,100.47420465079857
2016-02-12,100.07473717724424
2016-02-11,99.70271032649336
2016-02-10,99.35326735114717
2016-02-09,99.02422271487605
2016-02-08,98.63689710981879
2016-02-05,98.25345690268054
2016-02-04,97.90085704152503
2016-02-03,97.55709944109415
2016-02-02,97.19245812689425
2016-02-01,96.86107483072973
2016-01-29,96.59732484257106
2016-01-28,96.3155417793248
2016-01-27,96.00591953194098
2016-01-26,95.84381668613506
2016-01-25,95.65410189116031
2016-01-22,95.53188128278248
2016-01-21,95.28575080606859
2016-01-20,95.05436969911685
2016-01-19,94.815720373668
2016-01-15,94.62217768962435
2016-01-14,94.53638688738414
2016-01-13,94.40546243958316
2016-01-12,94.36308231775874
2016-01-11,94.28737656749469
2016-01-08,94.17593501789277
2016-01-07,94.03177673355309
2016-01-06,93.96258828622867
2016-01-05,93.97861725290646
2016-01-04,94.07662483517187
2015-12-31,94.17780100504721
2015-12-30,94.42198338197048
2015-12-29,94.69512161487452
2015-12-28,94.92552727171545
2015-12-24,95.20118619252506
2015-12-23,95.52509433834817
2015-12-22,95.7624889707138
2015-12-21,96.02269731385306
2015-12-18,96.24616340277257
2015-12-17,96.49571520599017
2015-12-16,96.83820971204514
2015-12-15,97.22452546169697
2015-12-14,97.66594939187834
2015-12-11,98.11043919386303
2015-12-10,98.60966431899865
2015-12-09,99.0951192250524
2015-12-08,99.66765623206265
2015-12-07,100.17874888347714
2015-12-04,100.72655518470978
2015-12-03,101.22702020065068
2015-12-02,101.7064714828142
2015-12-01,102.18954582252536
2015-11-30,102.77430731074587
2015-11-27,103.3634164680237
2015-11-25,103.79914952244337
2015-11-24,104.26869778064288
2015-11-23,104.66312797901719
2015-11-20,105.21866346968508
2015-11-19,105.74980370619758
2015-11-18,106.24809488760968
2015-11-17,106.64808044089057
2015-11-16,107.00205316331396
2015-11-13,107.3631512322481
2015-11-12,107.7438138119406
2015-11-11,108.16843615654668
2015-11-10,108.64692129003063
2015-11-09,109.22950894372245
2015-11-06,109.72127862154863
2015-11-05,110.16111780785585
2015-11-04,110.55065934482909
2015-11-03,110.95608338275883
2015-11-02,111.2783208578481
2015-10-30,111.52585556429358
2015-10-29,111.84453720808933
2015-10-28,112.10368948643959
2015-10-27,112.23531523079859
2015-10-26,112.4178298177421
2015-10-23,112.68932014250636
2015-10-22,112.90611025406788
2015-10-21,113.00979939247911
2015-10-20,113.05672626172414
2015-10-19,113.07512119477038
2015-10-16,113.02885552954987
2015-10-15,112.98540350186212
2015-10-14,112.83004887862262
2015-10-13,112.72597826105161
2015-10-12,112.55429688667236
2015-10-09,112.39391397827262
2015-10-08,112.15240401714962
2015-10-07,112.03418716581412
2015-10-06,111.9026309548826
2015-10-05,111.73272514919809
2015-10-02,111.53001165841583
2015-10-01,111.31989325537356
2015-09-30,111.11335964262632
2015-09-29,110.86489061058032
2015-09-28,110.72500526561608
2015-09-25,110.60227582211607
2015-09-24,110.49908089612231
2015-09-23,110.41552080989156
2015-09-22,110.39678783618831
2015-09-21,110.40987133822857
2015-09-18,110.42494839705482
2015-09-17,110.36968952969983
2015-09-16,110.36489593974758
2015-09-15,110.3410343586276
2015-09-14,110.20205986974308
2015-09-11,110.02479473835884
2015-09-10,109.81146864850757
2015-09-09,109.52647268855983
2015-09-08,109.27971669285833
2015-09-04,108.99327771539181
2015-09-03,108.77369854962608
2015-09-02,108.57672665832058
2015-09-01,108.29894578596631
2015-08-31,108.25589576332432
2015-08-28,108.2080356822868
2015-08-27,108.0598858836978
2015-08-26,107.92015368730131
2015-08-25,107.6791697616746
2015-08-24,107.42303415210131
2015-08-21,107.2794539089883
2015-08-20,107.31817487907406
2015-08-19,107.39393329880679
2015-08-18,107.54520963535279
2015-08-17,107.67435970327828
2015-08-14,107.77921897630529
2015-08-13,107.85209136100079
2015-08-12,107.99014003695854
2015-08-11,108.05531632822081
2015-08-10,108.25757928376181
2015-08-07,108.37157766774082
2015-08-06,108.48581655463957
2015-08-05,108.61331013660958
2015-08-04,108.71370907347207
2015-08-03,108.92649295557331
2015-07-31,109.12646141136031
2015-07-30,109.29745380918557
2015-07-29,109.47631575784608
2015-07-28,109.68086934513033
2015-07-27,109.89294448706657
2015-07-24,110.10290852702232
2015-07-23,110.37100290253133
2015-07-22,110.62923017005309
2015-07-21,110.9599723224266
2015-07-20,111.32544465609908
2015-07-17,111.65558749557633
2015-07-16,111.98560986523833
2015-07-15,112.31461247340633
2015-07-14,112.67284678176608
2015-07-13,112.98032956715433
2015-07-10,113.30394291352634
2015-07-09,113.52424662423184
2015-07-08,113.7570266448561
2015-07-07,114.17561853504785
2015-07-06,114.48041902142134
2015-07-02,114.78300740082682
2015-07-01,115.09832513291208
2015-06-30,115.46319327708359
2015-06-29,115.94973243065631
2015-06-26,116.50433434723985
2015-06-25,117.0134001085346
2015-06-24,117.37136407206461
2015-06-23,117.64671182015437
2015-06-22,117.90011108254312
2015-06-19,118.11345557663863
2015-06-18,118.38630637828837
2015-06-17,118.66475146709385
2015-06-16,118.9482146758351
2015-06-15,119.2574852307871
2015-06-12,119.4229080052236
2015-06-11,119.7233398647171
2015-06-10,120.04009456275587
2015-06-09,120.32787925439811
2015-06-08,120.64295800165362
2015-06-05,120.88740739447113
2015-06-04,121.08038115608812
2015-06-03,121.26593284995063
2015-06-02,121.43280966365663
2015-06-01,121.60411577586137
2015-05-29,121.78392135275263
2015-05-28,121.9582202342131
2015-05-27,122.1230619648251
2015-05-26,122.22840744263108
2015-05-22,122.27126389837483
2015-05-21,122.25498323362308
2015-05-20,122.26551778140359
2015-05-19,122.3028675417166
2015-05-18,122.38355260085409
2015-05-15,122.45920980764208
2015-05-14,122.53797949445584
2015-05-13,122.60334157500358
2015-05-12,122.74208635770458
2015-05-11,122.83186943537983
2015-05-08,122.87807779269008
2015-05-07,122.86036059869559
2015-05-06,122.81374961422485
2015-05-05,122.78214399124859
2015-05-04,122.84781559903983
2015-05-01,122.94087622778609
2015-04-30,122.89018121968734
2015-04-29,122.90474226749159
2015-04-28,122.95047749220457
2015-04-27,123.07190247346156
2015-04-24,123.12293268694482
2015-04-23,123.18360014089282
2015-04-22,123.18858630671284
2015-04-21,123.16668709719235
2015-04-20,123.15405703036686
2015-04-17,123.08975458714761
2015-04-16,123.05332391012784
2015-04-15,122.99743970948384
2015-04-14,122.92316756144707
2015-04-13,122.89696470310108
2015-04-10,122.86762461930032
2015-04-09,122.80505839150058
2015-04-08,122.70260378888906
2015-04-07,122.59172884985806
2015-04-06,122.5166345063993
2015-04-02,122.37937178452981
2015-04-01,122.2227021175473
2015-03-31,122.03441099051432
2015-03-30,121.88603094698283
2015-03-27,121.72131992933933
2015-03-26,121.51030256248782
2015-03-25,121.30631354458458
2015-03-24,121.21308849198208
2015-03-23,121.13202246745156
2015-03-20,121.01684882868082
2015-03-19,120.97370290852557
2015-03-18,120.94949449366557
2015-03-17,120.96158027526857
2015-03-16,120.92730543903482
2015-03-13,120.84971020833856
2015-03-12,120.76149530558708
2015-03-11,120.67709047553232
2015-03-10,120.66516888936633
2015-03-09,120.69711874029107
2015-03-06,120.64704807839408
2015-03-05,120.58648642067108
2015-03-04,120.66731477487583
2015-03-03,120.68448185895484
2015-03-02,120.64943239562683
2015-02-27,120.54952950355634
2015-02-26,120.55274833182109
2015-02-25,120.53176634016909
2015-02-24,120.61640960194708
2015-02-23,120.76161452144784
2015-02-20,120.80679733301659
2015-02-19,120.89501707064434
2015-02-18,120.95569794422886
2015-02-17,120.98073327517736
2015-02-13,120.99933094959613
2015-02-12,120.99003211238661
2015-02-11,120.93710026980986
2015-02-10,120.82885226742337
2015-02-09,120.68865441411212
2015-02-06,120.51984475400289
2015-02-05,120.3431668470239
2015-02-04,120.19470299100689
2015-02-03,120.05013873423965
2015-02-02,119.90080770436165
2015-01-30,119.67030826646389
2015-01-29,119.55552470816716
2015-01-28,119.33187353390915
2015-01-27,118.98218934275167
2015-01-26,118.64763466521393
2015-01-23,118.2978315255169
2015-01-22,117.9654878809329
2015-01-21,117.5274265784974
2015-01-20,117.04640559625766
2015-01-16,116.53464256501715
2015-01-15,116.09242435073091
2015-01-14,115.75340816239016
2015-01-13,115.4038618897569
2015-01-12,115.08397142655863
2015-01-09,114.77550725073938
2015-01-08,114.40148551914065
2015-01-07,113.94201366774314
2015-01-06,113.45168436330138
2015-01-05,112.91033160074737
2015-01-02,112.42257775891088
2014-12-31,111.96619918338688
2014-12-30,111.57566703017987
2014-12-29,111.17153412039563
2014-12-26,110.8080463740151
2014-12-24,110.31694349813385
2014-12-23,109.81863834463135
2014-12-22,109.41340355197413
2014-12-19,109.00553475311963
2014-12-18,108.61201010456014
2014-12-17,108.16263632475588
2014-12-16,107.66785089556113
2014-12-15,107.22299838795364
2014-12-12,106.85156199998589
2014-12-11,106.5932047824964
2014-12-10,106.39752439587315
2014-12-09,106.27221784227663
2014-12-08,106.08197950479037
2014-12-05,105.97367902801912
2014-12-04,105.89862869762513
2014-12-03,105.83450341532637
2014-12-02,105.77441565080187
2014-12-01,105.68345275035588
2014-11-28,105.76942812884536
2014-11-26,106.00360415975861
2014-11-25,106.1104796302566
2014-11-24,106.24454897047035
2014-11-21,106.3412118960096
2014-11-20,106.50176260280209
2014-11-19,106.64307572490509
2014-11-18,106.86822671608734
2014-11-17,107.03851496574732
2014-11-14,107.14254042369858
2014-11-13,107.20429069554181
2014-11-12,107.25179090465208
2014-11-11,107.19692816312958
2014-11-10,107.12425284319109
2014-11-07,107.15417797493035
2014-11-06,107.21212823004484
2014-11-05,107.26298515105611
2014-11-04,107.23454330765462
2014-11-03,107.20008213872538
2014-10-31,107.08168874860212
2014-10-30,106.90616190072213
2014-10-29,106.73724827239239
2014-10-28,106.60117113789063
2014-10-27,106.41396044380528
2014-10-24,106.21985097198278
2014-10-23,106.04406895786997
2014-10-22,105.80411229900781
2014-10-21,105.62880909413843
2014-10-20,105.45271422999492
2014-10-17,105.1920451934939
2014-10-16,104.86228877363803
2014-10-15,104.51791391098081
2014-10-14,104.19431541875622
2014-10-13,103.84424592628469
2014-10-10,103.55678264054106
2014-10-09,103.21442696099662
2014-10-08,102.85523120205002
2014-10-07,102.43710729369593
2014-10-06,102.07043215539083
2014-10-03,101.69330697108148
2014-10-02,101.23112778267861
2014-10-01,100.75025963112753
2014-09-30,100.33976875880379
2014-09-29,99.88979940190708
2014-09-26,99.50614614773058
2014-09-25,99.05818708696528
2014-09-24,98.7409318763067
2014-09-23,98.42572317323776
2014-09-22,98.1083010135068
2014-09-19,97.78400154837848
2014-09-18,97.51162994535966
2014-09-17,97.27157995687541
2014-09-16,97.05131617462222
2014-09-15,96.86992383192714
2014-09-12,96.68496590607188
2014-09-11,96.50193150590533
2014-09-10,96.3160593631005
2014-09-09,96.06515561816947
2014-09-08,95.8040832954513
2014-09-05,95.59054316192356
2014-09-04,95.38102316380018
2014-09-03,95.18238117912338
2014-09-02,95.10103255682701
2014-08-29,95.03931165444526
2014-08-28,94.96907752414879
2014-08-27,94.90522831478836
2014-08-26,94.8555441707638
2014-08-25,94.83355166531744
2014-08-22,94.87044231961458
2014-08-21,94.93925757859193
2014-08-20,95.04117983501543
2014-08-19,95.11188692241828
2014-08-18,95.12158254309892
2014-08-15,95.07830696786576
2014-08-14,95.00192439518642
2014-08-13,94.91253550208184
2014-08-12,94.79831636089264
2014-08-11,94.73304828021308
2014-08-08,94.61764674625793
2014-08-07,94.49609676991993
2014-08-06,94.36816070208327
2014-08-05,94.26101601792529
2014-08-04,94.12780367647396
2014-08-01,94.02243259391763
2014-07-31,93.88945556045688
2014-07-30,93.88458788791054
2014-07-29,93.79337862051094
2014-07-28,93.6961824732745
2014-07-25,93.60460688951304
2014-07-24,93.50031284908758
2014-07-23,93.38015601659683
2014-07-22,93.206844160051
2014-07-21,93.03218120527073
2014-07-18,92.85086302423231
2014-07-17,92.63730178371736
2014-07-16,92.46894895341278
2014-07-15,92.32347133238628
2014-07-14,92.27576355880396
2014-07-11,92.19036319591304
2014-07-10,92.08618444345207
2014-07-09,92.0104598016774
2014-07-08,91.9144026865791
2014-07-07,91.72978295610889
2014-07-03,91.51847882132022
2014-07-02,91.30014471087956
2014-07-01,91.08558957503946
2014-06-30,90.88649825620594
2014-06-27,90.64965792445534
2014-06-26,90.39260685789273
2014-06-25,90.14034857277493
2014-06-24,89.8864443022857
2014-06-23,89.64642788549084
2014-06-20,89.44069149440716
2014-06-19,89.28521383170413
2014-06-18,89.14861699525247
2014-06-17,89.01581552127793
2014-06-16,88.91587051944501
2014-06-13,88.79380422537282
2014-06-12,88.72506385749705
2014-06-11,88.69941528652437
2014-06-10,88.68270841919355
2014-06-09,88.6492946845319
2014-06-06,88.57009673798984
2014-06-05,88.48417570600279
2014-06-04,88.40222129442829
2014-06-03,88.23579131423739
2014-06-02,88.03406513546027
2014-05-30,87.83190195612922
2014-05-29,87.66948229640624
2014-05-28,87.4839251381243
2014-05-27,87.30004875120365
2014-05-23,87.13563569664625
2014-05-22,86.96654001307641
2014-05-21,86.78266362615572
2014-05-20,86.62494239469599
2014-05-19,86.4270483746225
2014-05-16,86.19264800058268
2014-05-15,85.90244601734938
2014-05-14,85.6581627077054
2014-05-13,85.41786282618759
2014-05-12,85.16608327627245
2014-05-09,84.8907477157294
2014-05-08,84.60909749718212
2014-05-07,84.37655994755714
2014-05-06,84.16391744134293
2014-05-05,83.97222929486647
2014-05-02,83.76641133381156
2014-05-01,83.57927050959105
2014-04-30,83.41289640293846
2014-04-29,83.26671688585445
2014-04-28,83.1283032283274
2014-04-25,82.90290376015002
2014-04-24,82.66168219180545
2014-04-23,82.25429745520594
2014-04-22,81.86261224714062
2014-04-21,81.47151175745289
2014-04-17,81.05676168847504
2014-04-16,80.64383692275514
2014-04-15,80.20363573535447
2014-04-14,79.73892688666761
2014-04-11,79.25812135080344
2014-04-10,78.80319453913526
2014-04-09,78.40585747863446
2014-04-08,77.97953814370653
2014-04-07,77.56182379701936
2014-04-04,77.19649418222147
2014-04-03,76.88434826606611
2014-04-02,76.57014871155522
2014-04-01,76.24494013078007
2014-03-31,75.94153895408076
2014-03-28,75.6330932187823
2014-03-27,75.3653109278491
2014-03-26,75.12834420514396
2014-03-25,74.91202075165964
2014-03-24,74.68168730365191
2014-03-21,74.43063050190919
2014-03-20,74.18943378639914
2014-03-19,73.98600654352195
2014-03-18,73.766071507276
2014-03-17,73.53092861365745
2014-03-14,73.29205913599449
2014-03-13,73.09761021794955
2014-03-12,72.91485724111907
2014-03-11,72.72685600795745
2014-03-10,72.51461919619658
2014-03-07,72.2788822302905
2014-03-06,72.07219453031925
2014-03-05,71.87456592248648
2014-03-04,71.67783988102914
2014-03-03,71.46199280376659
2014-02-28,71.23518121646192
2014-02-27,71.08719375927726
2014-02-26,70.91864784576359
2014-02-25,70.90965561039363
2014-02-24,70.89578617375801
2014-02-21,70.87599657026732
2014-02-20,70.896755596902
2014-02-19,70.95813011043057
2014-02-18,71.05183020583675
2014-02-14,71.12640893115386
2014-02-13,71.209378180924
2014-02-12,71.25096309096187
2014-02-11,71.26981669969288
2014-02-10,71.2883694529654
2014-02-07,71.27570009532522
2014-02-06,71.21114988529052
2014-02-05,71.11343059567625
2014-02-04,70.99051459592744
2014-02-03,70.84648171673217
2014-01-31,70.71577172605483
2014-01-30,70.58194232960949
2014-01-29,70.44932395464517
2014-01-28,70.32805780412679
2014-01-27,70.33559021710546
2014-01-24,70.34778992591696
2014-01-23,70.41471253585674
2014-01-22,70.48005607998324
2014-01-21,70.52873368514089
2014-01-17,70.54902956759332
2014-01-16,70.63003026639383
2014-01-15,70.7282185084661
2014-01-14,70.77002943746068
2014-01-13,70.7564932027646
2014-01-10,70.73542389956773
2014-01-09,70.74353031186709
2014-01-08,70.77630666369296
2014-01-07,70.79667355406751
2014-01-06,70.82459349550584
2014-01-03,70.84645438149369
2014-01-02,70.92032355505476
2013-12-31,71.02549280645621
2013-12-30,71.10428189240459
2013-12-27,71.23607852926533
2013-12-26,71.36479126540523
2013-12-24,71.48767976434925
2013-12-23,71.62629860302023
2013-12-20,71.67517776727797
2013-12-19,71.68811131134012
2013-12-18,71.69319811277677
2013-12-17,71.71899391498188
2013-12-16,71.75165975525107
2013-12-13,71.80257134854425
2013-12-12,71.87365314041197
2013-12-11,71.97075942740102
2013-12-10,72.11291117218722
2013-12-09,72.28195536353257
2013-12-06,72.43956821974469
2013-12-05,72.63599776947174
2013-12-04,72.84691254880511
2013-12-03,73.06531086497571
2013-12-02,73.23627578646844
2013-11-29,73.42010760611113
2013-11-27,73.55123565388952
2013-11-26,73.4944112844772
2013-11-25,73.4202072979873
2013-11-22,73.29931428282819
2013-11-21,73.19837958127673
2013-11-20,73.0851628405821
2013-11-19,73.01497975976407
2013-11-18,72.89660894907186
2013-11-15,72.78904473775565
2013-11-14,72.72846530767455
2013-11-13,72.67830035558983
2013-11-12,72.63533315696402
2013-11-11,72.57727593134982
2013-11-08,72.50117779921285
2013-11-07,72.40964238005219
2013-11-06,72.33317871103594
2013-11-05,72.27140427717316
2013-11-04,72.17355277211531
2013-11-01,72.02728131075096
2013-10-31,71.91143729353189
2013-10-30,71.78433217784851
2013-10-29,71.61741622968809
2013-10-28,71.48157482146738
2013-10-25,71.32474763016367
2013-10-24,71.2576011030983
2013-10-23,71.18264689292272
2013-10-22,71.06989996821396
2013-10-21,70.94806712790319
2013-10-18,70.77668941503269
2013-10-17,70.60101017696483
2013-10-16,70.39384063364875
2013-10-15,70.17590492657173
2013-10-14,69.9353237688276
2013-10-11,69.68115391054293
2013-10-10,69.43779887846068
2013-10-09,69.1581784470179
2013-10-08,68.86953881408286
2013-10-07,68.59900442007353
2013-10-04,68.36302813137878
2013-10-03,68.11222363328417
2013-10-02,67.91533317040066
2013-10-01,67.75489442231887
2013-09-30,67.58952176637627
2013-09-27,67.45706429190406
2013-09-26,67.33163111142764
2013-09-25,67.21109379974422
2013-09-24,67.10044570768675
2013-09-23,66.99794588376152
2013-09-20,66.79755933946079
2013-09-19,66.60279719675509
2013-09-18,66.40787008257982
2013-09-17,66.18409374792296
2013-09-16,65.94633485970299
2013-09-13,65.75238047037472
2013-09-12,65.61097252200526
2013-09-11,65.42510528105313
2013-09-10,65.32332099689931
2013-09-09,65.25533045621685
2013-09-06,65.18327634094551
2013-09-05,65.09264871645567
2013-09-04,65.00607475539718
2013-09-03,64.9132468539348
2013-08-30,64.77231019380295
2013-08-29,64.65913138220432
2013-08-28,64.5236326438394
2013-08-27,64.40347637733693
2013-08-26,64.34765178252731
2013-08-23,64.2804475270092
2013-08-22,64.26085647228388
2013-08-21,64.25378651324303
2013-08-20,64.25364114959919
2013-08-19,64.28357284535153
2013-08-16,64.30435323898094
2013-08-15,64.32119559935019
2013-08-14,64.35047315870528
2013-08-13,64.36032484929396
2013-08-12,64.31546034285724
2013-08-09,64.20544649423111
2013-08-08,64.13269859793239
2013-08-07,64.06171473361599
2013-08-06,63.97129913790174
2013-08-05,63.89995391693071
2013-08-02,63.84296472836271
2013-08-01,63.74690754313674
2013-07-31,63.62577925661409
2013-07-30,63.52273819756137
2013-07-29,63.37653849265446
2013-07-26,63.20293342126168
2013-07-25,63.09790155210974
2013-07-24,62.98331132769124
2013-07-23,62.823266680137785
2013-07-22,62.71816912602054
2013-07-19,62.625787383838315
2013-07-18,62.506920567203466
2013-07-17,62.35756543387784
2013-07-16,62.22428539139973
2013-07-15,61.992994265677886
2013-07-12,61.720558992506916
2013-07-11,61.47694168725726
2013-07-10,61.22154696001703
2013-07-09,60.960167058748695
2013-07-08,60.70823242027279
2013-07-05,60.4685824083315
2013-07-03,60.22521169895757
2013-07-02,59.97691574657057
2013-07-01,59.70581397750745
2013-06-28,59.345556073974294
2013-06-27,58.982714907085594
2013-06-26,58.62754432956565
2013-06-25,58.2893219296731
2013-06-24,57.9550659470046
2013-06-21,57.63474494020022
2013-06-20,57.34325238926939
2013-06-19,57.086585996402356
2013-06-18,56.856753599456724
2013-06-17,56.65717827608778
2013-06-14,56.524578644491385
2013-06-13,56.4540430913648
2013-06-12,56.34944556880682
2013-06-11,56.2595842519685
2013-06-10,56.17307058097292
2013-06-07,56.08235922465097
2013-06-06,56.00332852671572
2013-06-05,55.96536884846324
2013-06-04,55.95480079001838
2013-06-03,55.946267575125034
2013-05-31,55.952651076266406
2013-05-30,55.98740751692812
2013-05-29,56.00857645387507
2013-05-28,56.01162543719657
2013-05-24,56.097482707046495
2013-05-23,56.14943685772401
2013-05-22,56.20327487968954
2013-05-21,56.22920928895384
2013-05-20,56.270628201243845
2013-05-17,56.28068754880079
2013-05-16,56.304114505688744
2013-05-15,56.31179439909274
2013-05-14,56.36618379802062
2013-05-13,56.47780481283697
2013-05-10,56.5782998282347
2013-05-09,56.715225107215545
2013-05-08,56.857478181681095
2013-05-07,56.971743533394296
2013-05-06,57.1002803227855
2013-05-03,57.22425897208821
2013-05-02,57.37534562114403
2013-05-01,57.51514651514466
2013-04-30,57.652245828506935
2013-04-29,57.733104606916086
2013-04-26,57.77215281680668
2013-04-25,57.74645866046851
2013-04-24,57.70029580011436
2013-04-23,57.63608705816762
2013-04-22,57.51877376479249
2013-04-19,57.374167288370316
2013-04-18,57.24091628196692
2013-04-17,57.123299749591844
2013-04-16,57.09449272266647
2013-04-15,57.02709713617018
2013-04-12,56.9879071113274
2013-04-11,56.95389921721628
2013-04-10,56.935323245375606
2013-04-09,56.86652527914448
2013-04-08,56.78143250706965
2013-04-05,56.68189879630306
2013-04-04,56.600334128281666
2013-04-03,56.52663536777345
2013-04-02,56.467530306329046
2013-04-01,56.41707283876967
2013-03-28,56.399264094117726
2013-03-27,56.422045610625716
2013-03-26,56.476931481619275
2013-03-25,56.54534508730744
2013-03-22,56.59758194000288
2013-03-21,56.65162682083244
2013-03-20,56.699226864657135
2013-03-19,56.773483406257164
2013-03-18,56.80248713226099
2013-03-15,56.75646418876026
2013-03-14,56.67986616069304
2013-03-13,56.57726653110707
2013-03-12,56.46182157134731
2013-03-11,56.39404778361826
2013-03-08,56.29953353952236
2013-03-07,56.236291479951056
2013-03-06,56.17154971178078
2013-03-05,56.14499182863467
2013-03-04,56.070886662429096
2013-03-01,56.07202774505875
2013-02-28,56.150909157128424
2013-02-27,56.26889710103427
2013-02-26,56.41074345260805
2013-02-25,56.53029630983455
2013-02-22,56.70028501929157
2013-02-21,56.8813259290758
2013-02-20,57.066507338687586
2013-02-19,57.252960240372445
2013-02-15,57.36354744836596
2013-02-14,57.51593088296552
2013-02-13,57.63724426767777
2013-02-12,57.746690393041675
2013-02-11,57.89092323742945
2013-02-08,58.04741456949578
2013-02-07,58.18437708741466
2013-02-06,58.2873225919967
2013-02-05,58.37713332208175
2013-02-04,58.40268280929782
2013-02-01,58.47204459586827
2013-01-31,58.55034424097537
2013-01-30,58.58815976965842
2013-01-29,58.599932192950874
2013-01-28,58.55481838466892
2013-01-25,58.46947977512665
2013-01-24,58.4240146089855
2013-01-23,58.61435449904877
2013-01-22,58.77687470812225
2013-01-18,58.916073943109495
2013-01-17,59.059951347194115
2013-01-16,59.25420203608434
2013-01-15,59.41944808141757
2013-01-14,59.649543191425224
2013-01-11,59.93951450246517
2013-01-10,60.20911564491612
2013-01-09,60.47798673806534
2013-01-08,60.77718387926096
2013-01-07,61.08785032010197
2013-01-04,61.390693999111974
2013-01-03,61.778645952286055
2013-01-02,62.15510582011084
2012-12-31,62.44128247957934
2012-12-28,62.6439103676541
2012-12-27,62.849928937094845
2012-12-26,63.069383253229844
2012-12-24,63.28596255149557
2012-12-21,63.51531126913174
2012-12-20,63.743345107348134
2012-12-19,63.94990711363071
2012-12-18,64.18052080868378
2012-12-17,64.34131593556762
2012-12-14,64.47144806453637
2012-12-13,64.6631791843768
2012-12-12,64.845871640153
2012-12-11,65.05244389277316
2012-12-10,65.24355610018819
2012-12-07,65.48961538923722
2012-12-06,65.7794417854247
2012-12-05,66.09220713177622
2012-12-04,66.48844817298485
2012-12-03,66.91216291710485
2012-11-30,67.32858341352578
2012-11-29,67.7535624939136
2012-11-28,68.18509018779129
2012-11-27,68.65483973961216
2012-11-26,69.10555940965811
2012-11-23,69.29195175252866
2012-11-21,69.47651242875476
2012-11-20,69.67398684110734
2012-11-19,69.87838787107496
2012-11-16,69.94837374633177
2012-11-15,70.0770766946222
2012-11-14,70.19096421536386
2012-11-13,70.2642243973656
2012-11-12,70.32685767094172
2012-11-09,70.42398463141484
2012-11-08,70.46431371647108
2012-11-07,70.57486825229743
2012-11-06,70.7469949267169
2012-11-05,70.87589856799043
2012-11-02,70.9570873500013
2012-11-01,71.15661702305565
2012-10-31,71.42542443292595
2012-10-26,71.70450270362545
2012-10-25,72.00812959918122
2012-10-24,72.3120451308325
2012-10-23,72.60746634306051
2012-10-22,72.96181430908254
2012-10-19,73.22326447871203
2012-10-18,73.53367439294684
2012-10-17,73.93157315155167
2012-10-16,74.3754756644661
2012-10-15,74.70637424362845
2012-10-12,74.99080960164484
2012-10-11,75.26229565612762
2012-10-10,75.61261324462826
2012-10-09,75.93548765843087
2012-10-08,76.22047910242522
2012-10-05,76.57939869297334
2012-10-04,76.86404577158297
2012-10-03,77.1301603424898
2012-10-02,77.36650766603069
2012-10-01,77.58343308299216
2012-09-28,77.84606436615725
2012-09-27,78.14859619183032
2012-09-26,78.38365229704857
2012-09-25,78.70413372078255
2012-09-24,79.11204388543261
2012-09-21,79.5525273029385
2012-09-20,79.9728947856922
2012-09-19,80.52759290526674
2012-09-18,81.08834978279083
2012-09-17,81.60573364684858
2012-09-14,82.07617880382762
2012-09-13,82.52006392277211
2012-09-12,82.90767746860377
2012-09-11,83.29578859589603
2012-09-10,83.62518244825903
2012-09-07,83.94006450355275
2012-09-06,84.23577560245488
2012-09-05,84.5372335356153
2012-09-04,84.7902933220176
2012-08-31,85.0158947207822
2012-08-30,85.20906269190975
2012-08-29,85.41533051542555
2012-08-28,85.60237446688986
2012-08-27,85.80346881668167
2012-08-24,85.89765869129175
2012-08-23,86.06798903798487
2012-08-22,86.18488747444428
2012-08-21,86.22182647692736
2012-08-20,86.27137844319633
2012-08-17,86.31445308097533
2012-08-16,86.33583229819808
2012-08-15,86.34464081963152
2012-08-14,86.31489189376467
2012-08-13,86.29601649069296
2012-08-10,86.24287497127575
2012-08-09,86.14007662223912
2012-08-08,85.98011956333048
2012-08-07,85.8085453211604
2012-08-06,85.6749446643645
2012-08-03,85.52553099983103
2012-08-02,85.32581075802491
2012-08-01,85.07707630856446
2012-07-31,84.89310936353709
2012-07-30,84.63163023224156
2012-07-27,84.28278204700399
2012-07-26,83.87088259593001
2012-07-25,83.46377335887131
2012-07-24,83.12906721912944
2012-07-23,82.80432351563088
2012-07-20,82.48795920699197
2012-07-19,82.2312166656341
2012-07-18,81.97535905224908
2012-07-17,81.76424456324267
2012-07-16,81.58271808335732
2012-07-13,81.3880215635465
2012-07-12,81.11671285978798
2012-07-11,80.87662598240688
2012-07-10,80.6681721224847
2012-07-09,80.46267332537391
2012-07-06,80.26283408607553
2012-07-05,80.0804658581178
2012-07-03,79.83329776877748
2012-07-02,79.55968891646356
2012-06-29,79.25586721855777
2012-06-28,78.9442099785862
2012-06-27,78.6519728888791
2012-06-26,78.33165023600341
2012-06-25,78.04860523384251
2012-06-22,77.77265484942737
2012-06-21,77.53745220767242
2012-06-20,77.36615713135421
2012-06-19,77.21800267018278
2012-06-18,77.06183642047233
2012-06-15,76.87369338064188
2012-06-14,76.70397742127354
2012-06-13,76.539415324112
2012-06-12,76.39901384722876
2012-06-11,76.23919391436654
2012-06-08,76.10351532469195
2012-06-07,75.96221425024518
2012-06-06,75.84549146637407
2012-06-05,75.70419039192727
2012-06-04,75.55488932486175
2012-06-01,75.44552396392112
2012-05-31,75.42165250000254
2012-05-30,75.43543561981556
2012-05-29,75.42676092902417
2012-05-25,75.30264859373814
2012-05-24,75.17892180026506
2012-05-23,75.0705202938568
2012-05-22,74.88626343575034
2012-05-21,74.74174951286228
2012-05-18,74.49577383619913
2012-05-17,74.24905920439448
2012-05-16,74.05983849544623
2012-05-15,73.91291493622722
2012-05-14,73.76444920975642
2012-05-11,73.63111599944398
2012-05-10,73.49177476254634
2012-05-09,73.37386322475194
2012-05-08,73.23969467384477
2012-05-07,73.14353411999772
2012-05-04,73.05591974300447
2012-05-03,73.04891573340248
2012-05-02,73.10330925751309
2012-05-01,73.12782329111994
2012-04-30,73.16623289423526
2012-04-27,73.26979906373941
2012-04-26,73.35204798383579
2012-04-25,73.45591937394184
2012-04-24,73.37411703977881
2012-04-23,73.32364319076655
2012-04-20,73.28251873071835
2012-04-19,73.32528174347155
2012-04-18,73.44354669459446
2012-04-17,73.56415702507952
2012-04-16,73.57691203339134
2012-04-13,73.6863416513008
2012-04-12,73.82272706763247
2012-04-11,73.99776305071252
2012-04-10,74.18083115489573
2012-04-09,74.41665423048451
2012-04-05,74.63959378382381
2012-04-04,74.84303134712464
2012-04-03,75.00878219820943
2012-04-02,75.1355611977017
2012-03-30,75.22320770317937
2012-03-29,75.3760429035303
2012-03-28,75.5440748770084
2012-03-27,75.6851831805487
2012-03-26,75.8458577310963
2012-03-23,75.95756847139906
2012-03-22,76.1791264999086
2012-03-21,76.41167247008728
2012-03-20,76.60407389899238
2012-03-19,76.75806572478216
2012-03-16,76.84593712965074
2012-03-15,76.90649932276855
2012-03-14,76.96773621405906
2012-03-13,76.96426633774252
2012-03-12,76.91228244996286
2012-03-09,76.83417810435573
2012-03-08,76.75944724961194
2012-03-07,76.59517430881012
2012-03-06,76.41615439366288
2012-03-05,76.25882120549419
2012-03-02,76.13416268597314
2012-03-01,75.94611466670597
2012-02-29,75.73644417742906
2012-02-28,75.49679781219518
2012-02-27,75.38589028400276
2012-02-24,75.22752898433285
2012-02-23,75.04571389104174
2012-02-22,74.80667796701172
2012-02-21,74.50630876623796
2012-02-17,74.1606705309268
2012-02-16,73.91032538038351
2012-02-15,73.56475140204117
2012-02-14,73.20070354516155
2012-02-13,72.80359547782132
2012-02-10,72.36979668128187
2012-02-09,71.91016658327466
2012-02-08,71.40574937799623
2012-02-07,70.90621570234853
2012-02-06,70.37497121258554
2012-02-03,69.86428895284664
2012-02-02,69.4002572524749
2012-02-01,68.90653883250587
2012-01-31,68.38882043468062
2012-01-30,67.87004179686974
2012-01-27,67.35694990079993
2012-01-26,66.87046038982376
2012-01-25,66.37992268981158
2012-01-24,65.79489511714182
2012-01-23,65.2212378151057
2012-01-20,64.6403548169252
2012-01-19,64.13330307592493
2012-01-18,63.6306529372892
2012-01-17,63.100918486293594
2012-01-13,62.62448519093857
2012-01-12,62.204855056025096
2012-01-11,61.81089558015733
2012-01-10,61.42936982775723
2012-01-09,61.07929786159713
2012-01-06,60.73276002872241
2012-01-05,60.3628647876797
2012-01-04,59.939604134027604
2012-01-03,59.511524207713606
2011-12-30,59.0699503179463
2011-12-29,58.65134829453403
2011-12-28,58.25578239444563
2011-12-27,57.88347751707196
2011-12-23,57.52023287230268
2011-12-22,57.15239385426237
2011-12-21,56.77197653457453
2011-12-20,56.43086841556554
2011-12-19,56.04532660261386
2011-12-16,55.67054783194044
2011-12-15,55.25120685338669
2011-12-14,54.85792207569159
2011-12-13,54.521826000251
2011-12-12,54.19626806769772
2011-12-09,53.92940887616635
2011-12-08,53.67826051351275
2011-12-07,53.43768242223092
2011-12-06,53.216863348862866
2011-12-05,53.017313332175966
2011-12-02,52.80369103931635
2011-12-01,52.58345027866769
2011-11-30,52.35594848054179
2011-11-29,52.11794066801294
2011-11-28,51.89782842130194
2011-11-25,51.630872844317345
2011-11-23,51.45924248058502
2011-11-22,51.29571170777315
2011-11-21,51.13092471122072
2011-11-18,50.96125418503757
2011-11-17,50.79514992062421
2011-11-16,50.66686088236454
2011-11-15,50.56732683765419
2011-11-14,50.43196953282374
2011-11-11,50.31010619144662
2011-11-10,50.187953693709765
2011-11-09,50.102973852438346
2011-11-08,50.0510220931431
2011-11-07,49.99222696666798
2011-11-04,49.94981736724328
2011-11-03,49.92360052396255
2011-11-02,49.89921500429335
2011-11-01,49.87155237921407
2011-10-31,49.87842787487837
2011-10-28,49.87335157434119
2011-10-27,49.87772104822129
2011-10-26,49.88430738752589
2011-10-25,49.88856441171056
2011-10-24,49.92011458340376
2011-10-21,49.954363547787636
2011-10-20,50.00027515201329
2011-10-19,50.06350400933736
2011-10-18,50.19860428629251
2011-10-17,50.298780900691106
2011-10-14,50.39568040967963
2011-10-13,50.44326269509473
2011-10-12,50.480306837622514
2011-10-11,50.51629074016466
2011-10-10,50.509415244500374
2011-10-07,50.43484503217865
2011-10-06,50.395230610897855
2011-10-05,50.36413023798643
2011-10-04,50.332965608106186
2011-10-03,50.33746359592396
2011-09-30,50.354170407818536
2011-09-29,50.440917315732655
2011-09-28,50.53736702593941
2011-09-27,50.61045932797815
2011-09-26,50.72021023073173
2011-09-23,50.814539460967254
2011-09-22,50.89296509141851
2011-09-21,50.98090075325591
2011-09-20,51.06000108187981
2011-09-19,51.16400098592351
2011-09-16,51.215021019170784
2011-09-15,51.239888466106166
2011-09-14,51.22067563242738
2011-09-13,51.15124597761168
2011-09-12,51.08766370695905
2011-09-09,51.014539276435904
2011-09-08,50.95372005544277
2011-09-07,50.91041085845455
2011-09-06,50.85653139009455
2011-09-02,50.7578005574945
2011-09-01,50.68094922277945
2011-08-31,50.61714205273595
2011-08-30,50.583053730774125
2011-08-29,50.55799351293224
2011-08-26,50.486700406020596
2011-08-25,50.4251743583704
2011-08-24,50.36371256768903
2011-08-23,50.283327099688606
2011-08-22,50.071921672253424
2011-08-19,49.86642788595018
2011-08-18,49.68666901566145
2011-08-17,49.59674138779048
2011-08-16,49.52699044813063
2011-08-15,49.472757566442105
2011-08-12,49.434781697866356
2011-08-11,49.44731180678728
2011-08-10,49.403360040110805
2011-08-09,49.38973756271983
2011-08-08,49.32776171628786
2011-08-05,49.324613124815436
2011-08-04,49.311922373472434
2011-08-03,49.31834807035496
2011-08-02,49.29232399798074
2011-08-01,49.28425974839316
2011-07-29,49.24348870167351
2011-07-28,49.20339235312654
2011-07-27,49.17373776201369
2011-07-26,49.14568959512147
2011-07-25,49.09765751092457
2011-07-22,49.03876599899622
2011-07-21,48.99632427108712
2011-07-20,48.976854409533075
2011-07-19,48.93685444643935
2011-07-18,48.90209142630487
2011-07-15,48.853834442717094
2011-07-14,48.79050919993977
2011-07-13,48.70658959865397
2011-07-12,48.60962583269662
2011-07-11,48.5269271138185
2011-07-08,48.48085486717078
2011-07-07,48.404292688815445
2011-07-06,48.29804379086285
2011-07-05,48.1677306580852
2011-07-01,48.017658507393776
2011-06-30,47.86373093857283
2011-06-29,47.736245112423475
2011-06-28,47.60477535420695
2011-06-27,47.47124937298803
2011-06-24,47.3745747633904
2011-06-23,47.29489612204707
2011-06-22,47.15532998575857
2011-06-21,46.978173522707294
2011-06-20,46.76882431827455
2011-06-17,46.56593293920872
2011-06-16,46.39941100449802
2011-06-15,46.24856777018068
2011-06-14,46.14816625639118
2011-06-13,45.99584511179085
2011-06-10,45.908102220859924
2011-06-09,45.77274491602947
2011-06-08,45.62774906587524
2011-06-07,45.43327534972554
2011-06-06,45.26983774951844
2011-06-03,45.09856079911466
2011-06-02,44.95598101098825
2011-06-01,44.80719399967333
2011-05-31,44.66338690344236
2011-05-27,44.45133890631893
2011-05-26,44.24732303029869
2011-05-25,44.06573283639843
2011-05-24,43.88870488728478
2011-05-23,43.72003034411843
2011-05-20,43.5862794635086
2011-05-19,43.479387995867754
2011-05-18,43.39890614241408
2011-05-17,43.32941223062956
2011-05-16,43.2499906171615
2011-05-13,43.207420375314754
2011-05-12,43.18354891139615
2011-05-11,43.14345256284917
2011-05-10,43.118552987429396
2011-05-09,43.10518753791375
2011-05-06,43.09628794773145
2011-05-05,43.10750078879145
2011-05-04,43.15215938212502
2011-05-03,43.1976533160533
2011-05-02,43.23305890587603
2011-04-29,43.29117933417848
2011-04-28,43.356721442380255
2011-04-27,43.41750853488896
2011-04-26,43.50685785004051
2011-04-25,43.59588266749949
2011-04-21,43.70954039395764
2011-04-20,43.78070498693164
2011-04-19,43.821508162135686
2011-04-18,43.83789368918613
2011-04-15,43.82189370394863
2011-04-14,43.84059248187681
2011-04-13,43.873459921430936
2011-04-12,43.87638361351249
2011-04-11,43.87175711175706
2011-04-08,43.881459914049664
2011-04-07,43.88158842798732
2011-04-06,43.86423904640449
2011-04-05,43.841067983446095
2011-04-04,43.82718847817982
2011-04-01,43.81668246377687
2011-03-31,43.85233704935379
2011-03-30,43.89612817360821
2011-03-29,43.941686364505344
2011-03-28,44.00032084855842
2011-03-25,44.05538907084167
2011-03-24,44.086714343143996
2011-03-23,44.0824091262327
2011-03-22,44.086682214659604
2011-03-21,44.096834815734
2011-03-18,44.088385024333476
2011-03-17,44.06955773246768
2011-03-16,44.01635296228035
2011-03-15,44.01056983508608
2011-03-14,44.02377464217965
2011-03-11,44.03787904683681
2011-03-10,44.037911175321206
2011-03-09,44.05628866840523
2011-03-08,44.076176200256654
2011-03-07,44.0991801950961
2011-03-04,44.14326047571025
2011-03-03,44.173557636511376
2011-03-02,44.190810632640975
2011-03-01,44.18811183995032
2011-02-28,44.197075687101446
2011-02-25,44.18149658500975
2011-02-24,44.15638496159285
2011-02-23,44.157059659765494
2011-02-22,44.15946929609645
2011-02-18,44.2195816904325
2011-02-17,44.31866593636108
2011-02-16,44.41733251199228
2011-02-15,44.49370191944113
2011-02-14,44.579742000698175
2011-02-11,44.6634367025931
2011-02-10,44.72602299022893
2011-02-09,44.790536986929496
2011-02-08,44.845669466181576
2011-02-07,44.8874043674336
2011-02-04,44.904464592656716
2011-02-03,44.90086620240252
2011-02-02,44.88741239955472
2011-02-01,44.875846145166165
2011-01-31,44.83844858930986
2011-01-28,44.79237634266214
2011-01-27,44.76561331514641
2011-01-26,44.76201492489221
2011-01-25,44.76911531994741
2011-01-24,44.75706713829266
2011-01-21,44.71664950490156
2011-01-20,44.72310733026851
2011-01-19,44.73660129372181
2011-01-18,44.770786001136855
2011-01-14,44.78058518888273
2011-01-13,44.75526794316558
2011-01-12,44.73094668046521
2011-01-11,44.71478605280565
2011-01-10,44.6826093756664
2011-01-07,44.61950903227998
2011-01-06,44.55001512049545
2011-01-05,44.466481061022606
2011-01-04,44.37565383558808
2011-01-03,44.303204103237576
2010-12-31,44.217260407433756
2010-12-30,44.12232073599441
2010-12-29,44.0488428921427
2010-12-28,43.99290720078028
2010-12-27,43.93526869974401
2010-12-23,43.88704384464063
2010-12-22,43.80543749423253
2010-12-21,43.69589542662763
2010-12-20,43.564425668411126
2010-12-17,43.43819285315387
2010-12-16,43.31632951177672
2010-12-15,43.199092672155004
2010-12-14,43.0890526130417
2010-12-13,42.971815773419976
2010-12-10,42.86052270341461
2010-12-09,42.75731797936011
2010-12-08,42.67542247259229
2010-12-07,42.59436230641919
2010-12-06,42.51670775959384
2010-12-03,42.42806527109936
2010-12-02,42.36004926959779
2010-12-01,42.29675615530489
2010-11-30,42.193752234277966
2010-11-29,42.10706958333266
2010-11-26,42.022250384483286
2010-11-24,41.949463303046464
2010-11-23,41.89166415958811
2010-11-22,41.829591927702886
2010-11-19,41.726427364253915
2010-11-18,41.62290938747639
2010-11-17,41.46875691926454
2010-11-16,41.327102431489216
2010-11-15,41.20699009251256
2010-11-12,41.099006256401694
2010-11-11,41.01611476661709
2010-11-10,40.95799433831461
2010-11-09,40.90128756332631
2010-11-08,40.85187395429966
2010-11-05,40.80638002037136
2010-11-04,40.77007483298506
2010-11-03,40.738717432198335
2010-11-02,40.69277369948826
2010-11-01,40.62495046889318
2010-10-29,40.54626781056663
2010-10-28,40.48381003686848
2010-10-27,40.43314341694976
2010-10-26,40.378171580119734
2010-10-25,40.32880616381973
2010-10-22,40.28144877779548
2010-10-21,40.24581828858186
2010-10-20,40.21137655329151
2010-10-19,40.17645289073495
2010-10-18,40.169095467804475
2010-10-15,40.146830428106526
2010-10-14,40.088195944053474
2010-10-13,40.02516788975697
2010-10-12,39.95297518528177
2010-10-11,39.8795615983989
2010-10-08,39.795770511050755
2010-10-07,39.705103928038305
2010-10-06,39.61205983717931
2010-10-05,39.52383501898221
2010-10-04,39.419385316156735
2010-10-01,39.30902397219931
2010-09-30,39.208622458409806
2010-09-29,39.12051008990814
2010-09-28,39.05024509449768
2010-09-27,38.978932710495386
2010-09-24,38.93263556445676
2010-09-23,38.8699528913677
2010-09-22,38.82898907374158
2010-09-21,38.771736114518255
2010-09-20,38.69525425737398
2010-09-17,38.590322627282305
2010-09-16,38.461535597514235
2010-09-15,38.30792931353741
2010-09-14,38.15364833138791
2010-09-13,37.98792960878751
2010-09-10,37.81533539052281
2010-09-09,37.63798615656507
2010-09-08,37.47772927631482
2010-09-07,37.31210693916767
2010-09-03,37.16621149144987
2010-09-02,37.00939235903179
2010-09-01,36.832974851121996
2010-08-31,36.62500717151897
2010-08-30,36.414404956194126
2010-08-27,36.19843728397235
2010-08-26,35.98256599720385
2010-08-25,35.76849390556243
2010-08-24,35.5416668056092
2010-08-23,35.33704048838513
2010-08-20,35.11741016894033
2010-08-19,34.909024819039956
2010-08-18,34.7508241617921
2010-08-17,34.59606125237643
2010-08-16,34.4325272667161
2010-08-13,34.28390089782322
2010-08-12,34.14806166572657
2010-08-11,34.022664191064045
2010-08-10,33.92698556448322
2010-08-09,33.839628215365245
2010-08-06,33.78003308962825
2010-08-05,33.71314158508112
2010-08-04,33.64641072295606
2010-08-03,33.564675858610315
2010-08-02,33.48432251909431
2010-07-30,33.375361977057295
2010-07-29,33.26545043188167
2010-07-28,33.175619189463916
2010-07-27,33.09957106685922
2010-07-26,33.02088840853267
2010-07-23,32.94606116833562
2010-07-22,32.89354394771472
2010-07-21,32.8218010420213
2010-07-20,32.76290953009293
2010-07-19,32.6906846971333
2010-07-16,32.635616474850046
2010-07-15,32.597190807492524
2010-07-14,32.563960316064524
2010-07-13,32.52822701570079
2010-07-12,32.526540270269116
2010-07-09,32.529271191444195
2010-07-08,32.548291254216466
2010-07-07,32.575070345974396
2010-07-06,32.592837397854595
2010-07-02,32.607102444933794
2010-07-01,32.62914258524087
2010-06-30,32.665287130205066
2010-06-29,32.70795375750506
2010-06-28,32.79910226778371
2010-06-25,32.86625080020612
2010-06-24,32.92845154602897
2010-06-23,32.996210519655214
2010-06-22,33.06297351026469
2010-06-21,33.121447351895696
2010-06-18,33.206375787592044
2010-06-17,33.279532346599645
2010-06-16,33.32920298350159
2010-06-15,33.359725043693594
2010-06-14,33.343243131189894
2010-06-11,33.316769260033865
2010-06-10,33.28598695911812
2010-06-09,33.22654926295475
2010-06-08,33.182693881731495
2010-06-07,33.14738467736199
2010-06-04,33.12847706428514
2010-06-03,33.14733648463537
2010-06-02,33.16609951953234
2010-06-01,33.165681849234964
2010-05-28,33.14254934045786
2010-05-27,33.123497149201164
2010-05-26,33.07263454552754
2010-05-25,33.02828438564431
2010-05-24,33.004252279303664
2010-05-21,32.973505319720786
2010-05-20,32.94838084491011
2010-05-19,32.94336880134174
2010-05-18,32.946292493423286
2010-05-17,32.951089276146085
2010-05-14,32.95758565569432
2010-05-13,32.961039467768686
2010-05-12,32.968975203418616
2010-05-11,32.963931031365846
2010-05-10,32.948910964902936
2010-05-07,32.90788289030799
2010-05-06,32.90566602488351
2010-05-05,32.92977845243521
2010-05-04,32.95275031879026
2010-05-03,32.98545711592234
2010-04-30,32.96229247866084
2010-04-29,32.968525404636885
2010-04-28,32.94475032617153
2010-04-27,32.91605958959106
2010-04-26,32.90208369887155
2010-04-23,32.904204178842775
2010-04-22,32.8797720728712
2010-04-21,32.839129540089196
2010-04-20,32.76632639441015
2010-04-19,32.7257802470814
2010-04-16,32.7036758498055
2010-04-15,32.6889288754601
2010-04-14,32.67344294597321
2010-04-13,32.67096905267343
2010-04-12,32.64835059964693
2010-04-09,32.61895303640939
2010-04-08,32.56749926862256
2010-04-07,32.49514592172531
2010-04-06,32.41672029127406
2010-04-05,32.344945257096235
2010-04-01,32.277764596189414
2010-03-31,32.218808827292236
2010-03-30,32.192257847773604
2010-03-29,32.151037002272204
2010-03-26,32.10008122599375
2010-03-25,32.04973589091913
2010-03-24,32.02278009249693
2010-03-23,31.958587380640477
2010-03-22,31.869880635177175
2010-03-19,31.767165549225126
2010-03-18,31.67344676019345
2010-03-17,31.563438829564575
2010-03-16,31.4425072142354
2010-03-15,31.337511327174873
2010-03-12,31.249511408368647
2010-03-11,31.21622629851715
2010-03-10,31.147439213389703
2010-03-09,31.041527664523425
2010-03-08,30.91429886624938
2010-03-05,30.76200985013345
2010-03-04,30.600146545662575
2010-03-03,30.409592504611226
2010-03-02,30.240114749334577
2010-03-01,30.06967313952553
2010-02-26,29.861223532656332
2010-02-25,29.640083174444136
2010-02-24,29.428634373555013
2010-02-23,29.22892050159761
2010-02-22,29.08699613455323
2010-02-19,28.941132815319854
2010-02-18,28.79825101943998
2010-02-17,28.649271237218585
2010-02-16,28.513399876637532
2010-02-12,28.378299599682386
2010-02-11,28.23815515067446
2010-02-10,28.088198662526906
2010-02-09,27.947604414737206
2010-02-08,27.798271219187257
2010-02-05,27.656648859896357
2010-02-04,27.507444178284054
2010-02-03,27.389404126552005
2010-02-02,27.26365323856093
2010-02-01,27.13155697489838
2010-01-29,27.001992435807534
2010-01-28,26.900434296579185
2010-01-27,26.840141982730433
2010-01-26,26.76486494375161
2010-01-25,26.68362807091426
2010-01-22,26.596881163000138
2010-01-21,26.551329719084737
2010-01-20,26.509803652981407
2010-01-19,26.480630989134728
2010-01-15,26.421129036002526
2010-01-14,26.37483188996393
2010-01-13,26.32358695732578
2010-01-12,26.2664625120401
2010-01-11,26.219137254500275
2010-01-08,26.183667407708732
2010-01-07,26.156358195957978
2010-01-06,26.130719665396704
2010-01-05,26.142510819176124
2010-01-04,26.157546949881226
2009-12-31,26.163593530647677
2009-12-30,26.172107579017023
2009-12-29,26.18650114003387
2009-12-28,26.21737661355442
2009-12-24,26.24431313488597
2009-12-23,26.26050910387837
2009-12-22,26.260329184365652
2009-12-21,26.249276985727704
2009-12-18,26.2251870481151
2009-12-17,26.190841698278
2009-12-16,26.163950156824626
2009-12-15,26.14399836800437
2009-12-14,26.138568654138624
2009-12-11,26.137135723733827
2009-12-10,26.137906807359723
2009-12-09,26.149730089623574
2009-12-08,26.131770266836895
2009-12-07,26.121810436668994
2009-12-04,26.102822502381123
2009-12-03,26.104814468414695
2009-12-02,26.109633741076596
2009-12-01,26.125399188377873
2009-11-30,26.12739115441147
2009-11-27,26.103956637880895
2009-11-25,26.09833415310869
2009-11-24,26.102719691231016
2009-11-23,26.128840149058494
2009-11-20,26.102649008565315
2009-11-19,26.066616913296542
2009-11-18,26.037444249449845
2009-11-17,26.040881997281993
2009-11-16,26.031886021646443
2009-11-13,26.011966361310595
2009-11-12,25.99355673974217
2009-11-11,25.9715165994351
2009-11-10,25.94260096346372
2009-11-09,25.913299785679396
2009-11-06,25.85987011610117
2009-11-05,25.794488971606302
2009-11-04,25.719950887769
2009-11-03,25.649326053333123
2009-11-02,25.5775831476397
2009-10-30,25.511398469749675
2009-10-29,25.462370402536003
2009-10-28,25.408908604473375
2009-10-27,25.393711831346202
2009-10-26,25.4005230700417
2009-10-23,25.4188684346413
2009-10-22,25.450257963912453
2009-10-21,25.492217764555356
2009-10-20,25.504201689241253
2009-10-19,25.490354312459427
2009-10-16,25.461663575878955
2009-10-15,25.448458768785354
2009-10-14,25.431944727797255
2009-10-13,25.406948766924234
2009-10-12,25.409968844459033
2009-10-09,25.414852374089733
2009-10-08,25.401840337902634
2009-10-07,25.381824292113556
2009-10-06,25.36184037480888
2009-10-05,25.326672535770804
2009-10-02,25.27844768066743
2009-10-01,25.215057859636453
2009-09-30,25.154527795003055
2009-09-29,25.09329090371255
2009-09-28,25.02990750837845
2009-09-25,24.97352201823427
2009-09-24,24.919899577749568
2009-09-23,24.85416469864132
2009-09-22,24.781811351744068
2009-09-21,24.709168848487092
2009-09-18,24.646743203273342
2009-09-17,24.590711126457695
2009-09-16,24.522020426783495
2009-09-15,24.43263898314752
2009-09-14,24.34351456738687
2009-09-11,24.272253588959643
2009-09-10,24.20327341164087
2009-09-09,24.140076682801194
2009-09-08,24.08924942046042
2009-09-04,24.028205300076394
2009-09-03,23.95768327679064
2009-09-02,23.85753879087644
2009-09-01,23.770464172421317
2009-08-31,23.676777511874068
2009-08-28,23.57258483692387
2009-08-27,23.461773694184693
2009-08-26,23.340360151589344
2009-08-25,23.226239774955644
2009-08-24,23.13081817625012
2009-08-21,23.06450498442242
2009-08-20,22.99472191627817
2009-08-19,22.911316370742945
2009-08-18,22.823637736780842
2009-08-17,22.725870758713167
2009-08-14,22.648666010669594
2009-08-13,22.57782270253974
2009-08-12,22.50084285388704
2009-08-11,22.41274654962759
2009-08-10,22.331493612548037
2009-08-07,22.265585239623938
2009-08-06,22.198147550841814
2009-08-05,22.147545509176737
2009-08-04,22.08393111003969
2009-08-03,22.023047632077738
2009-07-31,21.94991709714254
2009-07-30,21.887009524662588
2009-07-29,21.810575860244914
2009-07-28,21.72864822499269
2009-07-27,21.650318979994662
2009-07-24,21.57310138055734
2009-07-23,21.48571190295496
2009-07-22,21.39636258780341
2009-07-21,21.298820509126635
2009-07-20,21.227331418460086
2009-07-17,21.15674513820551
2009-07-16,21.07758055261276
2009-07-15,20.99507460464111
2009-07-14,20.902319670141832
2009-07-13,20.804038636323558
2009-07-10,20.701902184375783
2009-07-09,20.60490628993403
2009-07-08,20.51507504751628
2009-07-07,20.419017304819356
2009-07-06,20.323916990957954
2009-07-02,20.227435152266803
2009-07-01,20.141909126760353
2009-06-30,20.061652172697578
2009-06-29,19.973523739953702
2009-06-26,19.887997714447252
2009-06-25,19.793668484211754
2009-06-24,19.696929617645303
2009-06-23,19.598648583827053
2009-06-22,19.513090429836204
2009-06-19,19.448480047682402
2009-06-18,19.349203030847356
2009-06-17,19.24369308803623
2009-06-16,19.150648997177232
2009-06-15,19.064737429857832
2009-06-12,18.975580885612757
2009-06-11,18.893460479454056
2009-06-10,18.81744448533373
2009-06-09,18.745508808733835
2009-06-08,18.675789997558407
2009-06-05,18.605878415476507
2009-06-04,18.542745943605684
2009-06-03,18.472577333648484
2009-06-02,18.406585426664936
2009-06-01,18.340240106352834
2009-05-29,18.262200017714534
2009-05-28,18.182148685952008
2009-05-27,18.10256643006188
2009-05-26,18.01916088452668
2009-05-22,17.925956151245607
2009-05-21,17.83365422837653
2009-05-20,17.750505710716606
2009-05-19,17.686023842500433
2009-05-18,17.621027918533656
2009-05-15,17.557252876974555
2009-05-14,17.494955745698455
2009-05-13,17.433815239861207
2009-05-12,17.39545382947251
2009-05-11,17.370875538896858
2009-05-08,17.350923750076607
2009-05-07,17.32024104746253
2009-05-06,17.29608042718423
2009-05-05,17.26356640095863
2009-05-04,17.230281291107133
2009-05-01,17.18295603356733
2009-04-30,17.12959062095793
2009-04-29,17.08229749190253
2009-04-28,17.04272162480303
2009-04-27,17.012906391268103
2009-04-24,16.969629322764277
2009-04-23,16.924392416711278
2009-04-22,16.878223784610302
2009-04-21,16.83382221915205
2009-04-20,16.782898571358025
2009-04-17,16.742191781607225
2009-04-16,16.6923283737988
2009-04-15,16.620649725074202
2009-04-14,16.55015983027288
2009-04-13,16.47787074034445
2009-04-09,16.399862780190578
2009-04-08,16.30877852688075
2009-04-07,16.216441262678824
2009-04-06,16.144152172750374
2009-04-03,16.068650234380673
2009-04-02,15.983059951905398
2009-04-01,15.895927502178324
2009-03-31,15.79970269136245
2009-03-30,15.707943739879976
2009-03-27,15.631060276680529
2009-03-26,15.590482000867379
2009-03-25,15.53364671194143
2009-03-24,15.472474077619779
2009-03-23,15.40889180696718
2009-03-20,15.328377825029104
2009-03-19,15.261550577450805
2009-03-18,15.192699235354505
2009-03-17,15.12898845076423
2009-03-16,15.03581584596758
2009-03-13,14.927735624403457
2009-03-12,14.822225681592357
2009-03-11,14.705342255299183
2009-03-10,14.564386562059834
2009-03-09,14.405029279373158
2009-03-06,14.254764357775235
2009-03-05,14.131390977630687
2009-03-04,14.02003365065649
2009-03-03,13.901897213471216
2009-03-02,13.786356757826491
2009-02-27,13.672557666036914
2009-02-26,13.56103969664064
2009-02-25,13.451031766011766
2009-02-24,13.350598123737868
2009-02-23,13.238758869497468
2009-02-20,13.144622410168443
2009-02-19,13.039305238263793
2009-02-18,12.952301302474368
2009-02-17,12.878052374996766
2009-02-13,12.816526327346565
2009-02-12,12.74921715250209
2009-02-11,12.676124850463342
2009-02-10,12.616719282784368
2009-02-09,12.576590805752968
2009-02-06,12.516414154448093
2009-02-05,12.453667224390218
2009-02-04,12.392109048255591
2009-02-03,12.341635199243342
2009-02-02,12.297908331957743
2009-01-30,12.251771828341194
2009-01-29,12.207273877429694
2009-01-28,12.15692854235507
2009-01-27,12.106294050920745
2009-01-26,12.051065186215421
2009-01-23,11.989057211299022
2009-01-22,11.946551226421096
2009-01-21,11.886181804209771
2009-01-20,11.811258178559495
2009-01-16,11.755579515072395
2009-01-15,11.71689681983957
2009-01-14,11.68284062636217
2009-01-13,11.655081615829644
2009-01-12,11.642165965095744
2009-01-09,11.648439051677293
2009-01-08,11.67925026822902
2009-01-07,11.697595632828644
2009-01-06,11.711025339313144
2009-01-05,11.72198115249787
2009-01-02,11.729627731788069
2008-12-31,11.721306454325195
2008-12-30,11.711603652032569
2008-12-29,11.70331450305412
2008-12-26,11.686125763893344
2008-12-24,11.669386823514344
2008-12-23,11.66755549990282
2008-12-22,11.65001334741352
2008-12-19,11.64795712441112
2008-12-18,11.63208565311127
2008-12-17,11.614832656981694
2008-12-16,11.602848732295794
2008-12-15,11.58832665734127
2008-12-12,11.592985287581095
2008-12-11,11.583892926492322
2008-12-10,11.570077678194895
2008-12-09,11.571170046664946
2008-12-08,11.581643932583445
2008-12-05,11.583089714382021
2008-12-04,11.578045542329221
2008-12-03,11.592149946986371
2008-12-02,11.59966801233892
2008-12-01,11.58659171918297
2008-11-28,11.581676061067844
2008-11-26,11.595394923912044
2008-11-25,11.599121828103895
2008-11-24,11.613868802449295
2008-11-21,11.595298538458795
2008-11-20,11.58778047310622
2008-11-19,11.613772416996046
2008-11-18,11.63812580818082
2008-11-17,11.653418966761246
2008-11-14,11.669194052607846
2008-11-13,11.697242219500096
2008-11-12,11.701932978224345
2008-11-11,11.715394813193246
2008-11-10,11.725611671236447
2008-11-07,11.748840565466796
2008-11-06,11.768374683989672
2008-11-05,11.796390722397472
2008-11-04,11.861418774848646
2008-11-03,11.930848429664346
2008-10-31,11.99928210146327
2008-10-30,12.077771988883345
2008-10-29,12.137980768672646
2008-10-28,12.185755824994247
2008-10-27,12.204101189593873
2008-10-24,12.238285897008923
2008-10-23,12.264727639680522
2008-10-22,12.288631232083523
2008-10-21,12.296117168951648
2008-10-20,12.305787842759848
2008-10-17,12.3143018911292
2008-10-16,12.325932402486574
2008-10-15,12.335410305388297
2008-10-14,12.354269725738522
2008-10-13,12.387040779839399
2008-10-10,12.377659262390925
2008-10-09,12.360759679589874
2008-10-08,12.355554865115025
2008-10-07,12.333900266620926
2008-10-06,12.3521171172829
2008-10-03,12.378269703594775
2008-10-02,12.402141167513374
2008-10-01,12.447506587504025
2008-09-30,12.520952302871326
2008-09-29,12.560502467183273
2008-09-26,12.707201127011375
2008-09-25,12.87247005083
2008-09-24,13.008759081708428
2008-09-23,13.127409574644304
2008-09-22,13.265272901258928
2008-09-19,13.428067931777779
2008-09-18,13.549031675591355
2008-09-17,13.670188190311427
2008-09-16,13.81511978349685
2008-09-15,13.958027282164277
2008-09-12,14.120918698136354
2008-09-11,14.292966732166027
2008-09-10,14.448179440363504
2008-09-09,14.578910243438528
2008-09-08,14.74263700000535
2008-09-05,14.911600699531428
2008-09-04,15.072821434314054
2008-09-03,15.273335305533328
2008-09-02,15.486282900220303
2008-08-29,15.735085883511777
2008-08-28,15.983631838927952
2008-08-27,16.229221973778174
2008-08-26,16.475872348614
2008-08-25,16.73630584326285
2008-08-22,16.988032518635876
2008-08-21,17.235068435284653
2008-08-20,17.472658577516125
2008-08-19,17.71548566270685
2008-08-18,17.944593885053376
2008-08-15,18.15497120098735
2008-08-14,18.42009545436045
2008-08-13,18.711051009201324
2008-08-12,18.990376052684823
2008-08-11,19.261540461127474
2008-08-08,19.490969968318122
2008-08-07,19.704624389662172
2008-08-06,19.91053584626277
2008-08-05,20.076061797956672
2008-08-04,20.203194210777497
2008-08-01,20.368334620658473
2008-07-31,20.467001196289697
2008-07-30,20.556800310223025
2008-07-29,20.647948820501675
2008-07-28,20.736494923542924
2008-07-25,20.836318124612998
2008-07-24,20.8945349383687
2008-07-23,20.997892272724147
2008-07-22,21.10773956093095
2008-07-21,21.192590888264725
2008-07-18,21.272237401123647
2008-07-17,21.345715244975345
2008-07-16,21.41048626955125
2008-07-15,21.46841392694722
2008-07-14,21.539739162343295
2008-07-11,21.586839520492223
2008-07-10,21.639690877351022
2008-07-09,21.68155429254067
2008-07-08,21.722004054416168
2008-07-07,21.750823304934293
2008-07-03,21.752718885514646
2008-07-02,21.734855448181197
2008-07-01,21.734887576665596
2008-06-30,21.71496791632977
2008-06-27,21.70706430916427
2008-06-26,21.679658711960293
2008-06-25,21.68961854212822
2008-06-24,21.681297264665343
2008-06-23,21.680108510742066
2008-06-20,21.67972296892912
2008-06-19,21.696301266886046
2008-06-18,21.69446994327452
2008-06-17,21.701313310454395
2008-06-16,21.70166672378292
2008-06-13,21.69784343413782
2008-06-12,21.709763101854897
2008-06-11,21.765152608982298
2008-06-10,21.8340682080474
2008-06-09,21.9014416398607
2008-06-06,22.00557005784205
2008-06-05,22.110855101262274
2008-06-04,22.195160244361027
2008-06-03,22.27705575112885
2008-06-02,22.370292612894325
2008-05-30,22.480653956851725
2008-05-29,22.559593643053574
2008-05-28,22.649489142440125
2008-05-27,22.714292295500425
2008-05-23,22.775818343150625
2008-05-22,22.810388592378622
2008-05-21,22.852284136052724
2008-05-20,22.897553170590125
2008-05-19,22.93221980527135
2008-05-16,22.98998714153013
2008-05-15,23.04091078932415
2008-05-14,23.08486255600065
2008-05-13,23.127689825722705
2008-05-12,23.172380547540705
2008-05-09,23.184910656461632
2008-05-08,23.216717856030154
2008-05-07,23.256782076092705
2008-05-06,23.31615551528728
2008-05-05,23.34844464212198
2008-05-02,23.391818096079056
2008-05-01,23.42365742413198
2008-04-30,23.441938531762755
2008-04-29,23.434420466410206
2008-04-28,23.43117548948453
2008-04-25,23.420155419331007
2008-04-24,23.399818088697806
2008-04-23,23.341954688270633
2008-04-22,23.28235634968518
2008-04-21,23.239721850869607
2008-04-18,23.188958845497634
2008-04-17,23.131513115367834
2008-04-16,23.06866979985671
2008-04-15,22.96447712490651
2008-04-14,22.84283868292026
2008-04-11,22.73209179714991
2008-04-10,22.632204339111006
2008-04-09,22.510148226827383
2008-04-08,22.406212579752506
2008-04-07,22.31149780770403
2008-04-04,22.205409552173503
2008-04-03,22.08608436106498
2008-04-02,21.96014070216743
2008-04-01,21.839723463873703
2008-03-31,21.701795880290252
2008-03-28,21.579193583771627
2008-03-27,21.4609607611331
2008-03-26,21.354519092274025
2008-03-25,21.210197940292453
2008-03-24,21.068607709485953
2008-03-20,20.893989075418425
2008-03-19,20.701025398036126
2008-03-18,20.529330777334973
2008-03-17,20.32618237039385
2008-03-14,20.12843154883405
2008-03-13,19.9500863318595
2008-03-12,19.7604318883717
2008-03-11,19.582954461761123
2008-03-10,19.367790001649674
2008-03-07,19.1670512310395
2008-03-06,18.97424819607925
2008-03-05,18.79590265781985
2008-03-04,18.6374128442123
2008-03-03,18.4661037653241
2008-02-29,18.314393061927596
2008-02-28,18.18645743699647
2008-02-27,18.038730665667146
2008-02-26,17.898200674846272
2008-02-25,17.768208826912748
2008-02-22,17.611743107823195
2008-02-21,17.484835594393296
2008-02-20,17.38629753269975
2008-02-19,17.285028549831125
2008-02-15,17.208723399351125
2008-02-14,17.14343831902465
2008-02-13,17.086442387676627
2008-02-12,16.9910529174555
2008-02-11,16.9204023802321
2008-02-08,16.832498846879126
2008-02-07,16.72117364838933
2008-02-06,16.621318318834852
2008-02-05,16.549832441016726
2008-02-04,16.498940921707128
2008-02-01,16.448241852019155
2008-01-31,16.422089265707253
2008-01-30,16.387294117088352
2008-01-29,16.359310207164953
2008-01-28,16.31095683812393
2008-01-25,16.27571189072328
2008-01-24,16.263085396349105
2008-01-23,16.281726343005303
2008-01-22,16.365164017024902
2008-01-18,16.45685871153858
2008-01-17,16.566609614292155
2008-01-16,16.672729998307105
2008-01-15,16.804778069243056
2008-01-14,16.97425582451971
2008-01-11,17.119926051561755
2008-01-10,17.30733150114068
2008-01-09,17.49094578955893
2008-01-08,17.65261632312333
2008-01-07,17.823379539061353
2008-01-04,18.001467728160627
2008-01-03,18.236648234061157
2008-01-02,18.460969312230205
2007-12-31,18.679989190471154
2007-12-28,18.92696085015113
2007-12-27,19.182125273356306
2007-12-26,19.436614998388805
2007-12-24,19.691522393718678
2007-12-21,19.92403623541293
2007-12-20,20.127698698104656
2007-12-19,20.32348968211528
2007-12-18,20.510959388663032
2007-12-17,20.69389897890858
2007-12-14,20.889850605341255
2007-12-13,21.105015065452704
2007-12-12,21.302316088230732
2007-12-11,21.504919596076206
2007-12-10,21.739361146835233
2007-12-07,21.97165008913861
2007-12-06,22.166325572170408
2007-12-05,22.33933746073246
2007-12-04,22.487321259937055
2007-12-03,22.62708016713203
2007-11-30,22.78785110313288
2007-11-29,22.957328858409557
2007-11-28,23.118645978645407
2007-11-27,23.262581588814033
2007-11-26,23.381270314646358
2007-11-23,23.485585077837307
2007-11-21,23.526773794854332
2007-11-20,23.55083802967938
2007-11-19,23.560669345909655
2007-11-16,23.58235607288818
2007-11-15,23.567127171276578
2007-11-14,23.526420381525778
2007-11-13,23.517649305281132
2007-11-12,23.439705602096055
2007-11-09,23.394629338465105
2007-11-08,23.40817567134801
2007-11-07,23.435998617564508
2007-11-06,23.473717458264932
2007-11-05,23.445605034403854
2007-11-02,23.423211480768256
2007-11-01,23.389026773353205
2007-10-31,23.357283830753506
2007-10-30,23.32011117428808
2007-10-29,23.275581094892154
2007-10-26,23.230279931870353
2007-10-25,23.194520928719104
2007-10-24,23.19040848271428
2007-10-23,23.200175541975703
2007-10-22,23.172480788412006
2007-10-19,23.127565167203155
2007-10-18,23.073300157030207
2007-10-17,23.011999008770907
2007-10-16,22.943629593940805
2007-10-15,22.87435929640778
2007-10-12,22.78775278997055
2007-10-11,22.684716740459226
2007-10-10,22.610298174583924
2007-10-09,22.553623528080028
2007-10-08,22.515390631629003
2007-10-05,22.459454618981756
2007-10-04,22.375984816477732
2007-10-03,22.291262324366457
2007-10-02,22.221318613800157
2007-10-01,22.161974090241554
2007-09-28,22.10069896605463
2007-09-27,22.045952028615506
2007-09-26,21.99554243657206
2007-09-25,21.94519710149746
2007-09-24,21.894851766422832
2007-09-21,21.823398017089133
2007-09-20,21.74632178298321
2007-09-19,21.664907882196733
2007-09-18,21.571606763462434
2007-09-17,21.522289539889034
2007-09-14,21.43695628528908
2007-09-13,21.314012462981133
2007-09-12,21.155137428845485
2007-09-11,20.974254061602334
2007-09-10,20.815314449213012
2007-09-07,20.63507365165811
2007-09-06,20.46662400788266
2007-09-05,20.295732599291835
2007-09-04,20.158094172068086
2007-08-31,20.008343306220787
2007-08-30,19.852680799241536
2007-08-29,19.696215080151987
2007-08-28,19.506303608788862
2007-08-27,19.333098949320338
2007-08-24,19.20760508920456
2007-08-23,19.081179503040808
2007-08-22,18.94948484543341
2007-08-21,18.804328352857084
2007-08-20,18.652167850678833
2007-08-17,18.507846698697257
2007-08-16,18.346549819406583
2007-08-15,18.210549944887884
2007-08-14,18.073168545539435
2007-08-13,17.94442970849801
2007-08-10,17.80656638188336
2007-08-09,17.69392423681751
2007-08-08,17.62250261596821
2007-08-07,17.548960515147655
2007-08-06,17.47442243131033
2007-08-03,17.39574266454738
2007-08-02,17.34118849801471
2007-08-01,17.27853795341006
2007-07-31,17.211036007659107
2007-07-30,17.173285038474255
2007-07-27,17.159052119879455
2007-07-26,17.16499588949578
2007-07-25,17.155196701749933
2007-07-24,17.136305152915305
2007-07-23,17.145236871582032
2007-07-20,17.16239348225838
2007-07-19,17.166216771903482
2007-07-18,17.169172592469458
2007-07-17,17.17579073897361
2007-07-16,17.184176273405306
2007-07-13,17.18745337881541
2007-07-12,17.194842608945457
2007-07-11,17.186424946029334
2007-07-10,17.17225628440336
2007-07-09,17.127822911745533
2007-07-06,17.107967508378533
2007-07-05,17.096722538834108
2007-07-03,17.07452175610496
2007-07-02,17.056658318771536
2007-06-29,17.023855136186235
2007-06-28,16.97649775016201
2007-06-27,16.94700380147121
2007-06-26,16.90568657051656
2007-06-25,16.888883373168763
2007-06-22,16.89138939495294
2007-06-21,16.897301036084865
2007-06-20,16.91175885407054
2007-06-19,16.92383916420969
2007-06-18,16.92724478355744
2007-06-15,16.903823118420615
2007-06-14,16.883742815662714
2007-06-13,16.855180593019863
2007-06-12,16.811389468765437
2007-06-11,16.76371047661224
2007-06-08,16.72914022738424
2007-06-07,16.704141374947614
2007-06-06,16.662856272477388
2007-06-05,16.623241851196614
2007-06-04,16.58973184195424
2007-06-01,16.51573994235194
2007-05-31,16.44294000952134
2007-05-30,16.35545414646574
2007-05-29,16.281847788676387
2007-05-25,16.21351082361554
2007-05-24,16.107454696569413
2007-05-23,16.008306193672016
2007-05-22,15.923294223916164
2007-05-21,15.839310365661515
2007-05-18,15.746491495478239
2007-05-17,15.654411259151615
2007-05-16,15.556772795021615
2007-05-15,15.471471990190915
2007-05-14,15.397480090588612
2007-05-11,15.32162473889036
2007-05-10,15.247761031940863
2007-05-09,15.166090424563913
2007-05-08,15.07712665122531
2007-05-07,15.002427924965934
2007-05-04,14.93672517434211
2007-05-03,14.867199134073157
2007-05-02,14.80239598101286
2007-05-01,14.730363918959734
2007-04-30,14.666588877400633
2007-04-27,14.594556815347508
2007-04-26,14.516934397006583
2007-04-25,14.42520114831161
2007-04-24,14.334245408939434
2007-04-23,14.23737802843531
2007-04-20,14.127755639619386
2007-04-19,14.030631231239985
2007-04-18,13.93954697793016
2007-04-17,13.852318142749862
2007-04-16,13.759306180375265
2007-04-13,13.663081369559416
2007-04-12,13.559306364906593
2007-04-11,13.458169108824041
2007-04-10,13.363743493135292
2007-04-09,13.270506631369816
2007-04-05,13.18488422041014
2007-04-04,13.10735818752244
2007-04-03,13.02160404977669
2007-04-02,12.94089729693214
2007-03-30,12.872013826351443
2007-03-29,12.808174527823542
2007-03-28,12.752110322523492
2007-03-27,12.696110374192267
2007-03-26,12.639275085266316
2007-03-23,12.579965903040591
2007-03-22,12.528367557073892
2007-03-21,12.478343506843416
2007-03-20,12.427387730564964
2007-03-19,12.37472914461264
2007-03-16,12.31121113092884
2007-03-15,12.249620826309814
2007-03-14,12.19391003433829
2007-03-13,12.13453659514374
2007-03-12,12.085733427320939
2007-03-09,12.034488494682765
2007-03-08,11.993331906150164
2007-03-07,11.952592987914937
2007-03-06,11.913396236931538
2007-03-05,11.871146958644065
2007-03-02,11.824914069574287
2007-03-01,11.783596838619612
2007-02-28,11.737878005300438
2007-02-27,11.701193701798088
2007-02-26,11.686446727452688
2007-02-23,11.672181680373487
2007-02-22,11.667490921649238
2007-02-21,11.664053173817088
2007-02-20,11.649595355831412
2007-02-16,11.631860432435639
2007-02-15,11.611876515130989
2007-02-14,11.596005043831138
2007-02-13,11.571940809006064
2007-02-12,11.547169747523913
2007-02-09,11.511892671638838
2007-02-08,11.487892693782587
2007-02-07,11.460487096578587
2007-02-06,11.427973070352987
2007-02-05,11.394045390813238
2007-02-02,11.365451039685988
2007-02-01,11.339202067920862
2007-01-31,11.313435023421913
2007-01-30,11.288728218908588
2007-01-29,11.258141901747763
2007-01-26,11.224503378567713
2007-01-25,11.201145970399711
2007-01-24,11.177820690716137
2007-01-23,11.151571718951013
2007-01-22,11.136503459761489
2007-01-19,11.128053668360963
2007-01-18,11.126382987171512
2007-01-17,11.143668111785512
2007-01-16,11.166479335718487
2007-01-12,11.186463253023161
2007-01-11,11.205515444279861
2007-01-10,11.234527465704485
2007-01-09,11.249210183081061
2007-01-08,11.241981274088213
2007-01-05,11.231892929982637
2007-01-04,11.229772771296261
2007-01-03,11.224600085305836
2006-12-29,11.217467561766236
2006-12-28,11.205451508595885
2006-12-27,11.197708543852436
2006-12-26,11.17476880598181
2006-12-22,11.152696537190335
2006-12-21,11.131459608993584
2006-12-20,11.11719456191436
2006-12-19,11.118511829775262
2006-12-18,11.12056805277766
2006-12-15,11.128632302365235
2006-12-14,11.13907405979936
2006-12-13,11.15304995051886
2006-12-12,11.15709813955486
2006-12-11,11.174704549012985
2006-12-08,11.181387273770811
2006-12-07,11.184246708883537
2006-12-06,11.202495688029911
2006-12-05,11.22604586710436
2006-12-04,11.246511711675211
2006-12-01,11.267652254418737
2006-11-30,11.286704445675436
2006-11-29,11.306784748433335
2006-11-28,11.32564416878356
2006-11-27,11.339009618299237
2006-11-24,11.356294742913237
2006-11-22,11.367893125786212
2006-11-21,11.377210386265862
2006-11-20,11.376182274764663
2006-11-17,11.367668226395313
2006-11-16,11.356551770788538
2006-11-15,11.321531722778762
2006-11-14,11.282656256639461
2006-11-13,11.24966030314766
2006-11-10,11.208921384912436
2006-11-09,11.165033875204761
2006-11-08,11.132519848979161
2006-11-07,11.116584120710487
2006-11-06,11.099427510034136
2006-11-03,11.075748817022012
2006-11-02,11.060262887535112
2006-11-01,11.042013908388736
2006-10-31,11.042688606561411
2006-10-30,11.039154473276035
2006-10-27,11.035620339990635
2006-10-26,11.03558821150621
2006-10-25,11.03166853640786
2006-10-24,11.019748868690787
2006-10-23,11.004166553750661
2006-10-20,10.986431630354884
2006-10-19,10.958383463462635
2006-10-18,10.913339328316109
2006-10-17,10.865917685323055
2006-10-16,10.831411693063878
2006-10-13,10.78729928396532
2006-10-12,10.745532254228888
2006-10-11,10.701162817255042
2006-10-10,10.649692985226006
2006-10-09,10.59623118716338
2006-10-06,10.541934048506011
2006-10-05,10.488954177709562
2006-10-04,10.436649005085787
2006-10-03,10.379685202222179
2006-10-02,10.325227421142744
